{
  "db_name": "PostgreSQL",
  "query": "\n                    SELECT c.id id, c.name name, c.description description,\n                    c.icon_url icon_url, c.raw_icon_url raw_icon_url, c.color color, c.created created, c.user_id user_id,\n                    c.updated updated, c.status status,\n                    ARRAY_AGG(DISTINCT cm.mod_id) filter (where cm.mod_id is not null) mods\n                    FROM collections c\n                    LEFT JOIN collections_mods cm ON cm.collection_id = c.id\n                    WHERE c.id = ANY($1)\n                    GROUP BY c.id;\n                    ",
  "describe": {
    "columns": [
      {
        "ordinal": 0,
        "name": "id",
        "type_info": "Int8"
      },
      {
        "ordinal": 1,
        "name": "name",
        "type_info": "Varchar"
      },
      {
        "ordinal": 2,
        "name": "description",
        "type_info": "Varchar"
      },
      {
        "ordinal": 3,
        "name": "icon_url",
        "type_info": "Varchar"
      },
      {
        "ordinal": 4,
        "name": "raw_icon_url",
        "type_info": "Text"
      },
      {
        "ordinal": 5,
        "name": "color",
        "type_info": "Int4"
      },
      {
        "ordinal": 6,
        "name": "created",
        "type_info": "Timestamptz"
      },
      {
        "ordinal": 7,
        "name": "user_id",
        "type_info": "Int8"
      },
      {
        "ordinal": 8,
        "name": "updated",
        "type_info": "Timestamptz"
      },
      {
        "ordinal": 9,
        "name": "status",
        "type_info": "Varchar"
      },
      {
        "ordinal": 10,
        "name": "mods",
        "type_info": "Int8Array"
      }
    ],
    "parameters": {
      "Left": [
        "Int8Array"
      ]
    },
    "nullable": [
      false,
      false,
      true,
      true,
      true,
      true,
      false,
      false,
      false,
      false,
      null
    ]
  },
  "hash": "1d28c47c125cb4c6cff8ff373a56484d43a485f607a66b0753de07aceb02d274"
}
