{
  "db_name": "PostgreSQL",
  "query": "\n                    SELECT DISTINCT id, field, field_type, enum_type, min_val, max_val, optional\n                    FROM loader_fields lf\n                    WHERE id = ANY($1)\n                    ",
  "describe": {
    "columns": [
      {
        "ordinal": 0,
        "name": "id",
        "type_info": "Int4"
      },
      {
        "ordinal": 1,
        "name": "field",
        "type_info": "Varchar"
      },
      {
        "ordinal": 2,
        "name": "field_type",
        "type_info": "Varchar"
      },
      {
        "ordinal": 3,
        "name": "enum_type",
        "type_info": "Int4"
      },
      {
        "ordinal": 4,
        "name": "min_val",
        "type_info": "Int4"
      },
      {
        "ordinal": 5,
        "name": "max_val",
        "type_info": "Int4"
      },
      {
        "ordinal": 6,
        "name": "optional",
        "type_info": "Bool"
      }
    ],
    "parameters": {
      "Left": [
        "Int4Array"
      ]
    },
    "nullable": [
      false,
      false,
      false,
      true,
      true,
      true,
      false
    ]
  },
  "hash": "887a217868178265ac9e1011a889173d608e064a3a1b69a135273de380efe44c"
}
