{
  "db_name": "PostgreSQL",
  "query": "\n                    SELECT version_id, field_id, int_value, enum_value, string_value\n                    FROM version_fields\n                    WHERE version_id = ANY($1)\n                    ",
  "describe": {
    "columns": [
      {
        "ordinal": 0,
        "name": "version_id",
        "type_info": "Int8"
      },
      {
        "ordinal": 1,
        "name": "field_id",
        "type_info": "Int4"
      },
      {
        "ordinal": 2,
        "name": "int_value",
        "type_info": "Int4"
      },
      {
        "ordinal": 3,
        "name": "enum_value",
        "type_info": "Int4"
      },
      {
        "ordinal": 4,
        "name": "string_value",
        "type_info": "Text"
      }
    ],
    "parameters": {
      "Left": [
        "Int8Array"
      ]
    },
    "nullable": [
      false,
      false,
      true,
      true,
      true
    ]
  },
  "hash": "10f81e605c9ef63153f6879d507dc1d1bb38846e16d9fa6cbd6cceea2efbfd51"
}
