{
  "db_name": "PostgreSQL",
  "query": "\n                    SELECT DISTINCT version_id, f.id, f.url, f.filename, f.is_primary, f.size, f.file_type\n                    FROM files f\n                    WHERE f.version_id = ANY($1)\n                    ",
  "describe": {
    "columns": [
      {
        "ordinal": 0,
        "name": "version_id",
        "type_info": "Int8"
      },
      {
        "ordinal": 1,
        "name": "id",
        "type_info": "Int8"
      },
      {
        "ordinal": 2,
        "name": "url",
        "type_info": "Varchar"
      },
      {
        "ordinal": 3,
        "name": "filename",
        "type_info": "Varchar"
      },
      {
        "ordinal": 4,
        "name": "is_primary",
        "type_info": "Bool"
      },
      {
        "ordinal": 5,
        "name": "size",
        "type_info": "Int4"
      },
      {
        "ordinal": 6,
        "name": "file_type",
        "type_info": "Varchar"
      }
    ],
    "parameters": {
      "Left": [
        "Int8Array"
      ]
    },
    "nullable": [
      false,
      false,
      false,
      false,
      false,
      false,
      true
    ]
  },
  "hash": "b49cd556b85c3e74ebb4f1b7d48930c0456321799f20e63f1c3fd3ea0f03f198"
}
