{
  "db_name": "PostgreSQL",
  "query": "\n            SELECT id, metadata, unitary\n            FROM products\n            WHERE id = ANY($1::bigint[])",
  "describe": {
    "columns": [
      {
        "ordinal": 0,
        "name": "id",
        "type_info": "Int8"
      },
      {
        "ordinal": 1,
        "name": "metadata",
        "type_info": "Jsonb"
      },
      {
        "ordinal": 2,
        "name": "unitary",
        "type_info": "Bool"
      }
    ],
    "parameters": {
      "Left": [
        "Int8Array"
      ]
    },
    "nullable": [
      false,
      false,
      false
    ]
  },
  "hash": "37da053e79c32173d7420edbe9d2f668c8bf7e00f3ca3ae4abd60a7aa36c943b"
}
