{
  "db_name": "PostgreSQL",
  "query": "\n        SELECT m.id mod_id, u.username\n        FROM mods m\n        INNER JOIN team_members tm ON tm.is_owner = TRUE and tm.team_id = m.team_id\n        INNER JOIN users u ON u.id = tm.user_id\n        WHERE m.id = ANY($1)\n        ",
  "describe": {
    "columns": [
      {
        "ordinal": 0,
        "name": "mod_id",
        "type_info": "Int8"
      },
      {
        "ordinal": 1,
        "name": "username",
        "type_info": "Varchar"
      }
    ],
    "parameters": {
      "Left": [
        "Int8Array"
      ]
    },
    "nullable": [
      false,
      false
    ]
  },
  "hash": "80734c33c16aeacca980cf40070bac035931a0bab8c0d0cf63888c8e5616f847"
}
