{
  "db_name": "PostgreSQL",
  "query": "\n            SELECT mod_id, SUM(amount) amount_sum, DATE_BIN($4::interval, created, TIMESTAMP '2001-01-01') AS interval_start\n            FROM payouts_values\n            WHERE mod_id = ANY($1) AND created BETWEEN $2 AND $3\n            GROUP by mod_id, interval_start ORDER BY interval_start\n            ",
  "describe": {
    "columns": [
      {
        "ordinal": 0,
        "name": "mod_id",
        "type_info": "Int8"
      },
      {
        "ordinal": 1,
        "name": "amount_sum",
        "type_info": "Numeric"
      },
      {
        "ordinal": 2,
        "name": "interval_start",
        "type_info": "Timestamptz"
      }
    ],
    "parameters": {
      "Left": [
        "Int8Array",
        "Timestamptz",
        "Timestamptz",
        "Interval"
      ]
    },
    "nullable": [
      true,
      null,
      null
    ]
  },
  "hash": "4198ea701f956dd65cab1a8e60b5b67df45f8c07bb70e3c4f090d943feafdaf3"
}
