{
  "db_name": "PostgreSQL",
  "query": "\n                    UPDATE sessions\n                    SET last_login = $2, city = $3, country = $4, ip = $5, os = $6, platform = $7, user_agent = $8\n                    WHERE (id = $1)\n                    ",
  "describe": {
    "columns": [],
    "parameters": {
      "Left": [
        "Int8",
        "Timestamptz",
        "Varchar",
        "Varchar",
        "Varchar",
        "Varchar",
        "Varchar",
        "Varchar"
      ]
    },
    "nullable": []
  },
  "hash": "64d5e7cfb8472fbedcd06143db0db2f4c9677c42f73c540e85ccb5aee1a7b6f9"
}
