{
  "db_name": "PostgreSQL",
  "query": "\n            SELECT id\n            FROM pats\n            WHERE user_id = $1\n            ORDER BY created DESC\n            ",
  "describe": {
    "columns": [
      {
        "ordinal": 0,
        "name": "id",
        "type_info": "Int8"
      }
    ],
    "parameters": {
      "Left": [
        "Int8"
      ]
    },
    "nullable": [
      false
    ]
  },
  "hash": "6fac7682527a4a9dc34e121e8b7c356cb8fe1d0ff1f9a19d29937721acaa8842"
}
