{
  "db_name": "PostgreSQL",
  "query": "\n                    SELECT id, email,\n                        avatar_url, raw_avatar_url, username, bio,\n                        created, role, badges,\n                        github_id, discord_id, gitlab_id, google_id, steam_id, microsoft_id,\n                        email_verified, password, totp_secret, paypal_id, paypal_country, paypal_email,\n                        venmo_handle, stripe_customer_id\n                    FROM users\n                    WHERE id = ANY($1) OR LOWER(username) = ANY($2)\n                    ",
  "describe": {
    "columns": [
      {
        "ordinal": 0,
        "name": "id",
        "type_info": "Int8"
      },
      {
        "ordinal": 1,
        "name": "email",
        "type_info": "Varchar"
      },
      {
        "ordinal": 2,
        "name": "avatar_url",
        "type_info": "Varchar"
      },
      {
        "ordinal": 3,
        "name": "raw_avatar_url",
        "type_info": "Text"
      },
      {
        "ordinal": 4,
        "name": "username",
        "type_info": "Varchar"
      },
      {
        "ordinal": 5,
        "name": "bio",
        "type_info": "Varchar"
      },
      {
        "ordinal": 6,
        "name": "created",
        "type_info": "Timestamptz"
      },
      {
        "ordinal": 7,
        "name": "role",
        "type_info": "Varchar"
      },
      {
        "ordinal": 8,
        "name": "badges",
        "type_info": "Int8"
      },
      {
        "ordinal": 9,
        "name": "github_id",
        "type_info": "Int8"
      },
      {
        "ordinal": 10,
        "name": "discord_id",
        "type_info": "Int8"
      },
      {
        "ordinal": 11,
        "name": "gitlab_id",
        "type_info": "Int8"
      },
      {
        "ordinal": 12,
        "name": "google_id",
        "type_info": "Varchar"
      },
      {
        "ordinal": 13,
        "name": "steam_id",
        "type_info": "Int8"
      },
      {
        "ordinal": 14,
        "name": "microsoft_id",
        "type_info": "Varchar"
      },
      {
        "ordinal": 15,
        "name": "email_verified",
        "type_info": "Bool"
      },
      {
        "ordinal": 16,
        "name": "password",
        "type_info": "Text"
      },
      {
        "ordinal": 17,
        "name": "totp_secret",
        "type_info": "Varchar"
      },
      {
        "ordinal": 18,
        "name": "paypal_id",
        "type_info": "Text"
      },
      {
        "ordinal": 19,
        "name": "paypal_country",
        "type_info": "Text"
      },
      {
        "ordinal": 20,
        "name": "paypal_email",
        "type_info": "Text"
      },
      {
        "ordinal": 21,
        "name": "venmo_handle",
        "type_info": "Text"
      },
      {
        "ordinal": 22,
        "name": "stripe_customer_id",
        "type_info": "Text"
      }
    ],
    "parameters": {
      "Left": [
        "Int8Array",
        "TextArray"
      ]
    },
    "nullable": [
      false,
      true,
      true,
      true,
      false,
      true,
      false,
      false,
      false,
      true,
      true,
      true,
      true,
      true,
      true,
      false,
      true,
      true,
      true,
      true,
      true,
      true,
      true
    ]
  },
  "hash": "5cce25ecda748f570de563bd3b312075dd09094b44d2aea2910011eb56778ee0"
}
