{
  "db_name": "PostgreSQL",
  "query": "\n            SELECT id, client_id, user_id, scopes, created\n            FROM oauth_client_authorizations\n            WHERE user_id=$1\n            ",
  "describe": {
    "columns": [
      {
        "ordinal": 0,
        "name": "id",
        "type_info": "Int8"
      },
      {
        "ordinal": 1,
        "name": "client_id",
        "type_info": "Int8"
      },
      {
        "ordinal": 2,
        "name": "user_id",
        "type_info": "Int8"
      },
      {
        "ordinal": 3,
        "name": "scopes",
        "type_info": "Int8"
      },
      {
        "ordinal": 4,
        "name": "created",
        "type_info": "Timestamptz"
      }
    ],
    "parameters": {
      "Left": [
        "Int8"
      ]
    },
    "nullable": [
      false,
      false,
      false,
      false,
      false
    ]
  },
  "hash": "c5319631c46ffa46e218fcf308f17ef99fae60e5fbff5f0396f70787156de322"
}
