{
  "db_name": "PostgreSQL",
  "query": "\n                        UPDATE users\n                        SET paypal_country = $1, paypal_email = $2, paypal_id = $3\n                        WHERE (id = $4)\n                        ",
  "describe": {
    "columns": [],
    "parameters": {
      "Left": [
        "Text",
        "Text",
        "Text",
        "Int8"
      ]
    },
    "nullable": []
  },
  "hash": "0d23c47e3f6803078016c4ae5d52c47b7a0d23ca747c753a5710b3eb3cf7c621"
}
