{
  "db_name": "PostgreSQL",
  "query": "\n        SELECT m.id FROM organizations o\n        INNER JOIN mods m ON m.organization_id = o.id\n        WHERE (o.id = $1 AND $1 IS NOT NULL) OR (o.slug = $2 AND $2 IS NOT NULL)\n        ",
  "describe": {
    "columns": [
      {
        "ordinal": 0,
        "name": "id",
        "type_info": "Int8"
      }
    ],
    "parameters": {
      "Left": [
        "Int8",
        "Text"
      ]
    },
    "nullable": [
      false
    ]
  },
  "hash": "a3448f22ec82f75ab2f3769b7d0a653a7d7315fb5e4696c26c6a96e6fc11e907"
}
