{
  "db_name": "PostgreSQL",
  "query": "\n        SELECT EXISTS(SELECT 1 FROM mod_follows mf WHERE mf.follower_id = $1 AND mf.mod_id = $2)\n        ",
  "describe": {
    "columns": [
      {
        "ordinal": 0,
        "name": "exists",
        "type_info": "Bool"
      }
    ],
    "parameters": {
      "Left": [
        "Int8",
        "Int8"
      ]
    },
    "nullable": [
      null
    ]
  },
  "hash": "0fb1cca8a2a37107104244953371fe2f8a5e6edd57f4b325c5842c6571eb16b4"
}
