{
  "db_name": "PostgreSQL",
  "query": "\n            SELECT v.id id, v.mod_id mod_id FROM files f\n            INNER JOIN versions v ON v.id = f.version_id\n            WHERE f.url = $1\n            ",
  "describe": {
    "columns": [
      {
        "ordinal": 0,
        "name": "id",
        "type_info": "Int8"
      },
      {
        "ordinal": 1,
        "name": "mod_id",
        "type_info": "Int8"
      }
    ],
    "parameters": {
      "Left": [
        "Text"
      ]
    },
    "nullable": [
      false,
      false
    ]
  },
  "hash": "155361716f9d697c0d961b7bbad30e70698a8e5c9ceaa03b2091e058b58fb938"
}
