{
  "db_name": "PostgreSQL",
  "query": "\n            SELECT id FROM mods TABLESAMPLE SYSTEM_ROWS($1) WHERE status = ANY($2)\n            ",
  "describe": {
    "columns": [
      {
        "ordinal": 0,
        "name": "id",
        "type_info": "Int8"
      }
    ],
    "parameters": {
      "Left": [
        "Int8",
        "TextArray"
      ]
    },
    "nullable": [
      false
    ]
  },
  "hash": "1cefe4924d3c1f491739858ce844a22903d2dbe26f255219299f1833a10ce3d7"
}
