{
  "db_name": "PostgreSQL",
  "query": "\n                    SELECT DISTINCT mod_id, mg.image_url, mg.raw_image_url, mg.featured, mg.name, mg.description, mg.created, mg.ordering\n                    FROM mods_gallery mg\n                    INNER JOIN mods m ON mg.mod_id = m.id\n                    WHERE m.id = ANY($1) OR m.slug = ANY($2)\n                    ",
  "describe": {
    "columns": [
      {
        "ordinal": 0,
        "name": "mod_id",
        "type_info": "Int8"
      },
      {
        "ordinal": 1,
        "name": "image_url",
        "type_info": "Varchar"
      },
      {
        "ordinal": 2,
        "name": "raw_image_url",
        "type_info": "Text"
      },
      {
        "ordinal": 3,
        "name": "featured",
        "type_info": "Bool"
      },
      {
        "ordinal": 4,
        "name": "name",
        "type_info": "Varchar"
      },
      {
        "ordinal": 5,
        "name": "description",
        "type_info": "Varchar"
      },
      {
        "ordinal": 6,
        "name": "created",
        "type_info": "Timestamptz"
      },
      {
        "ordinal": 7,
        "name": "ordering",
        "type_info": "Int8"
      }
    ],
    "parameters": {
      "Left": [
        "Int8Array",
        "TextArray"
      ]
    },
    "nullable": [
      false,
      false,
      false,
      true,
      true,
      true,
      false,
      false
    ]
  },
  "hash": "ff7ff5b202609f1e68dc4a18eed1183b1077b15577b52083c2cf0b2cc0818a29"
}
