{
  "db_name": "PostgreSQL",
  "query": "\n        SELECT id, mod_id FROM versions\n        WHERE ((version_number = $1 OR id = $3) AND mod_id = $2)\n        ",
  "describe": {
    "columns": [
      {
        "ordinal": 0,
        "name": "id",
        "type_info": "Int8"
      },
      {
        "ordinal": 1,
        "name": "mod_id",
        "type_info": "Int8"
      }
    ],
    "parameters": {
      "Left": [
        "Text",
        "Int8",
        "Int8"
      ]
    },
    "nullable": [
      false,
      false
    ]
  },
  "hash": "02843e787de72594e186a14734bd02099ca6d2f07dcc06da8d6d8a069638ca2a"
}
