{
  "db_name": "PostgreSQL",
  "query": "\n                SELECT id, session, user_id\n                FROM sessions\n                WHERE refresh_expires <= NOW()\n                ",
  "describe": {
    "columns": [
      {
        "ordinal": 0,
        "name": "id",
        "type_info": "Int8"
      },
      {
        "ordinal": 1,
        "name": "session",
        "type_info": "Varchar"
      },
      {
        "ordinal": 2,
        "name": "user_id",
        "type_info": "Int8"
      }
    ],
    "parameters": {
      "Left": []
    },
    "nullable": [
      false,
      false,
      false
    ]
  },
  "hash": "d93ce03a186c03668d5eebab2bb4cbc4fc9dd002529e37575d94509b67908c8d"
}
