{
  "db_name": "PostgreSQL",
  "query": "\n            SELECT id, user_id, price_id, amount, currency_code, status, due, last_attempt, charge_type, subscription_id, subscription_interval\n            FROM charges\n            WHERE (status = 'cancelled' AND due < $1) OR (status = 'failed' AND last_attempt < $1 - INTERVAL '2 days')",
  "describe": {
    "columns": [
      {
        "ordinal": 0,
        "name": "id",
        "type_info": "Int8"
      },
      {
        "ordinal": 1,
        "name": "user_id",
        "type_info": "Int8"
      },
      {
        "ordinal": 2,
        "name": "price_id",
        "type_info": "Int8"
      },
      {
        "ordinal": 3,
        "name": "amount",
        "type_info": "Int8"
      },
      {
        "ordinal": 4,
        "name": "currency_code",
        "type_info": "Text"
      },
      {
        "ordinal": 5,
        "name": "status",
        "type_info": "Varchar"
      },
      {
        "ordinal": 6,
        "name": "due",
        "type_info": "Timestamptz"
      },
      {
        "ordinal": 7,
        "name": "last_attempt",
        "type_info": "Timestamptz"
      },
      {
        "ordinal": 8,
        "name": "charge_type",
        "type_info": "Text"
      },
      {
        "ordinal": 9,
        "name": "subscription_id",
        "type_info": "Int8"
      },
      {
        "ordinal": 10,
        "name": "subscription_interval",
        "type_info": "Text"
      }
    ],
    "parameters": {
      "Left": [
        "Timestamptz"
      ]
    },
    "nullable": [
      false,
      false,
      false,
      false,
      false,
      false,
      false,
      true,
      false,
      true,
      true
    ]
  },
  "hash": "a87c913916adf9177f8f38369975d5fc644d989293ccb42c1e06ec54dc2571f8"
}
