{
  "db_name": "PostgreSQL",
  "query": "SELECT EXISTS(SELECT 1 FROM mods m INNER JOIN team_members tm ON tm.team_id = m.team_id AND tm.user_id = $2 WHERE m.id = $1)",
  "describe": {
    "columns": [
      {
        "ordinal": 0,
        "name": "exists",
        "type_info": "Bool"
      }
    ],
    "parameters": {
      "Left": [
        "Int8",
        "Int8"
      ]
    },
    "nullable": [
      null
    ]
  },
  "hash": "797cddf8f779025726a4a42c42985b8bc4c14094b76d9cd66dca20a7da3dec2a"
}
