{
  "db_name": "PostgreSQL",
  "query": "\n        SELECT id, image_url, raw_image_url FROM mods_gallery\n        WHERE image_url = $1\n        ",
  "describe": {
    "columns": [
      {
        "ordinal": 0,
        "name": "id",
        "type_info": "Int4"
      },
      {
        "ordinal": 1,
        "name": "image_url",
        "type_info": "Varchar"
      },
      {
        "ordinal": 2,
        "name": "raw_image_url",
        "type_info": "Text"
      }
    ],
    "parameters": {
      "Left": [
        "Text"
      ]
    },
    "nullable": [
      false,
      false,
      false
    ]
  },
  "hash": "87a0f2f991d749876d90b8e4ab73727f638a019b64e6cb1d891b333c2f09099c"
}
