{
  "db_name": "PostgreSQL",
  "query": "\n            SELECT id, team_id, role AS member_role, is_owner, permissions, organization_permissions,\n            accepted, payouts_split, role,\n            ordering, user_id\n            FROM team_members\n            WHERE (team_id = ANY($1) AND user_id = $2 AND accepted = TRUE)\n            ORDER BY ordering\n            ",
  "describe": {
    "columns": [
      {
        "ordinal": 0,
        "name": "id",
        "type_info": "Int8"
      },
      {
        "ordinal": 1,
        "name": "team_id",
        "type_info": "Int8"
      },
      {
        "ordinal": 2,
        "name": "member_role",
        "type_info": "Varchar"
      },
      {
        "ordinal": 3,
        "name": "is_owner",
        "type_info": "Bool"
      },
      {
        "ordinal": 4,
        "name": "permissions",
        "type_info": "Int8"
      },
      {
        "ordinal": 5,
        "name": "organization_permissions",
        "type_info": "Int8"
      },
      {
        "ordinal": 6,
        "name": "accepted",
        "type_info": "Bool"
      },
      {
        "ordinal": 7,
        "name": "payouts_split",
        "type_info": "Numeric"
      },
      {
        "ordinal": 8,
        "name": "role",
        "type_info": "Varchar"
      },
      {
        "ordinal": 9,
        "name": "ordering",
        "type_info": "Int8"
      },
      {
        "ordinal": 10,
        "name": "user_id",
        "type_info": "Int8"
      }
    ],
    "parameters": {
      "Left": [
        "Int8Array",
        "Int8"
      ]
    },
    "nullable": [
      false,
      false,
      false,
      false,
      false,
      true,
      false,
      false,
      false,
      false,
      false
    ]
  },
  "hash": "ec8f310133cef187e8a6d101105210d6fcc194f67f671a8c4021ac23e0fb5dfc"
}
