{
  "db_name": "PostgreSQL",
  "query": "\n            SELECT\n                us.id, us.user_id, us.price_id, us.interval, us.created, us.status, us.metadata\n            FROM users_subscriptions us\n            WHERE us.user_id = $1",
  "describe": {
    "columns": [
      {
        "ordinal": 0,
        "name": "id",
        "type_info": "Int8"
      },
      {
        "ordinal": 1,
        "name": "user_id",
        "type_info": "Int8"
      },
      {
        "ordinal": 2,
        "name": "price_id",
        "type_info": "Int8"
      },
      {
        "ordinal": 3,
        "name": "interval",
        "type_info": "Text"
      },
      {
        "ordinal": 4,
        "name": "created",
        "type_info": "Timestamptz"
      },
      {
        "ordinal": 5,
        "name": "status",
        "type_info": "Varchar"
      },
      {
        "ordinal": 6,
        "name": "metadata",
        "type_info": "Jsonb"
      }
    ],
    "parameters": {
      "Left": [
        "Int8"
      ]
    },
    "nullable": [
      false,
      false,
      false,
      false,
      false,
      false,
      true
    ]
  },
  "hash": "af1a10f0fa88c7893cff3a451fd890762fd7068cab7822a5b60545b44e6ba775"
}
