{
  "db_name": "PostgreSQL",
  "query": "\n            SELECT m.id AS pid, NULL AS oid\n            FROM mods m\n            WHERE m.team_id = $1\n            \n            UNION ALL\n             \n            SELECT NULL AS pid, o.id AS oid\n            FROM organizations o\n            WHERE o.team_id = $1    \n            ",
  "describe": {
    "columns": [
      {
        "ordinal": 0,
        "name": "pid",
        "type_info": "Int8"
      },
      {
        "ordinal": 1,
        "name": "oid",
        "type_info": "Int8"
      }
    ],
    "parameters": {
      "Left": [
        "Int8"
      ]
    },
    "nullable": [
      null,
      null
    ]
  },
  "hash": "061a3e43df9464263aaf1555a27c1f4b6a0f381282f4fa75cc13b1d354857578"
}
