{
  "db_name": "PostgreSQL",
  "query": "\n            INSERT INTO users (\n                id, username, email,\n                avatar_url, raw_avatar_url, bio, created,\n                github_id, discord_id, gitlab_id, google_id, steam_id, microsoft_id,\n                email_verified, password, paypal_id, paypal_country, paypal_email,\n                venmo_handle, stripe_customer_id\n            )\n            VALUES (\n                $1, $2, $3, $4, $5,\n                $6, $7,\n                $8, $9, $10, $11, $12, $13,\n                $14, $15, $16, $17, $18, $19, $20\n            )\n            ",
  "describe": {
    "columns": [],
    "parameters": {
      "Left": [
        "Int8",
        "Varchar",
        "Varchar",
        "Varchar",
        "Text",
        "Varchar",
        "Timestamptz",
        "Int8",
        "Int8",
        "Int8",
        "Varchar",
        "Int8",
        "Varchar",
        "Bool",
        "Text",
        "Text",
        "Text",
        "Text",
        "Text",
        "Text"
      ]
    },
    "nullable": []
  },
  "hash": "1d09169d25a30f4495778b0695ac00e48d682db15963a01195bbd5f981178ce9"
}
