{
  "db_name": "PostgreSQL",
  "query": "\n        SELECT v.id, v.mod_id\n        FROM versions v\n        WHERE mod_id = ANY($1)\n        ",
  "describe": {
    "columns": [
      {
        "ordinal": 0,
        "name": "id",
        "type_info": "Int8"
      },
      {
        "ordinal": 1,
        "name": "mod_id",
        "type_info": "Int8"
      }
    ],
    "parameters": {
      "Left": [
        "Int8Array"
      ]
    },
    "nullable": [
      false,
      false
    ]
  },
  "hash": "dbdcaf9f2126e15892c28f782d4b5812d947582e3573da56e632f2b0b29fac7b"
}
