{
  "db_name": "PostgreSQL",
  "query": "\n            SELECT id FROM reports\n            WHERE closed = FALSE AND reporter = $1\n            ORDER BY created ASC\n            LIMIT $2;\n            ",
  "describe": {
    "columns": [
      {
        "ordinal": 0,
        "name": "id",
        "type_info": "Int8"
      }
    ],
    "parameters": {
      "Left": [
        "Int8",
        "Int8"
      ]
    },
    "nullable": [
      false
    ]
  },
  "hash": "f17a109913015a7a5ab847bb2e73794d6261a08d450de24b450222755e520881"
}
