{
  "db_name": "PostgreSQL",
  "query": "\n            SELECT id, user_id, created, amount, status, method, method_address, platform_id, fee\n            FROM payouts\n            WHERE id = ANY($1)\n            ",
  "describe": {
    "columns": [
      {
        "ordinal": 0,
        "name": "id",
        "type_info": "Int8"
      },
      {
        "ordinal": 1,
        "name": "user_id",
        "type_info": "Int8"
      },
      {
        "ordinal": 2,
        "name": "created",
        "type_info": "Timestamptz"
      },
      {
        "ordinal": 3,
        "name": "amount",
        "type_info": "Numeric"
      },
      {
        "ordinal": 4,
        "name": "status",
        "type_info": "Varchar"
      },
      {
        "ordinal": 5,
        "name": "method",
        "type_info": "Text"
      },
      {
        "ordinal": 6,
        "name": "method_address",
        "type_info": "Text"
      },
      {
        "ordinal": 7,
        "name": "platform_id",
        "type_info": "Text"
      },
      {
        "ordinal": 8,
        "name": "fee",
        "type_info": "Numeric"
      }
    ],
    "parameters": {
      "Left": [
        "Int8Array"
      ]
    },
    "nullable": [
      false,
      false,
      false,
      false,
      false,
      true,
      true,
      true,
      true
    ]
  },
  "hash": "83f8d3fcc4ba1544f593abaf29c79157bc35e3fca79cc93f6512ca01acd8e5ce"
}
