{
  "db_name": "PostgreSQL",
  "query": "\n            SELECT d.dependency_id, COALESCE(vd.mod_id, 0) mod_id, d.mod_dependency_id\n            FROM versions v\n            INNER JOIN dependencies d ON d.dependent_id = v.id\n            LEFT JOIN versions vd ON d.dependency_id = vd.id\n            WHERE v.mod_id = $1\n            ",
  "describe": {
    "columns": [
      {
        "ordinal": 0,
        "name": "dependency_id",
        "type_info": "Int8"
      },
      {
        "ordinal": 1,
        "name": "mod_id",
        "type_info": "Int8"
      },
      {
        "ordinal": 2,
        "name": "mod_dependency_id",
        "type_info": "Int8"
      }
    ],
    "parameters": {
      "Left": [
        "Int8"
      ]
    },
    "nullable": [
      true,
      null,
      true
    ]
  },
  "hash": "4838777a8ef4371f4f5bb4f4f038bb6d041455f0849a3972a5418d75165ae9c7"
}
