{
  "db_name": "PostgreSQL",
  "query": "\n            UPDATE oauth_clients\n            SET name = $1, icon_url = $2, raw_icon_url = $3, max_scopes = $4, url = $5, description = $6\n            WHERE (id = $7)\n            ",
  "describe": {
    "columns": [],
    "parameters": {
      "Left": [
        "Text",
        "Text",
        "Text",
        "Int8",
        "Text",
        "Text",
        "Int8"
      ]
    },
    "nullable": []
  },
  "hash": "5b6249b416a36ffc357aaf5060ebe960d5f54fe42f29f132de0e2925b5182f7f"
}
