{
  "db_name": "PostgreSQL",
  "query": "\n            SELECT tm.id, tm.team_id, tm.user_id, tm.role, tm.is_owner, tm.permissions, tm.organization_permissions, tm.accepted, tm.payouts_split, tm.ordering\n            FROM mods m\n            INNER JOIN team_members tm ON tm.team_id = m.team_id AND user_id = $2 AND accepted = ANY($3)\n            WHERE m.id = $1\n            ",
  "describe": {
    "columns": [
      {
        "ordinal": 0,
        "name": "id",
        "type_info": "Int8"
      },
      {
        "ordinal": 1,
        "name": "team_id",
        "type_info": "Int8"
      },
      {
        "ordinal": 2,
        "name": "user_id",
        "type_info": "Int8"
      },
      {
        "ordinal": 3,
        "name": "role",
        "type_info": "Varchar"
      },
      {
        "ordinal": 4,
        "name": "is_owner",
        "type_info": "Bool"
      },
      {
        "ordinal": 5,
        "name": "permissions",
        "type_info": "Int8"
      },
      {
        "ordinal": 6,
        "name": "organization_permissions",
        "type_info": "Int8"
      },
      {
        "ordinal": 7,
        "name": "accepted",
        "type_info": "Bool"
      },
      {
        "ordinal": 8,
        "name": "payouts_split",
        "type_info": "Numeric"
      },
      {
        "ordinal": 9,
        "name": "ordering",
        "type_info": "Int8"
      }
    ],
    "parameters": {
      "Left": [
        "Int8",
        "Int8",
        "BoolArray"
      ]
    },
    "nullable": [
      false,
      false,
      false,
      false,
      false,
      false,
      true,
      false,
      false,
      false
    ]
  },
  "hash": "ebdcc29fc24bd31514ccdf0202a35768180e8d4fc103239806d2da7ea2540e5d"
}
