{
  "db_name": "PostgreSQL",
  "query": "\n            SELECT id, client_id, user_id, scopes, created\n            FROM oauth_client_authorizations\n            WHERE client_id=$1 AND user_id=$2\n            ",
  "describe": {
    "columns": [
      {
        "ordinal": 0,
        "name": "id",
        "type_info": "Int8"
      },
      {
        "ordinal": 1,
        "name": "client_id",
        "type_info": "Int8"
      },
      {
        "ordinal": 2,
        "name": "user_id",
        "type_info": "Int8"
      },
      {
        "ordinal": 3,
        "name": "scopes",
        "type_info": "Int8"
      },
      {
        "ordinal": 4,
        "name": "created",
        "type_info": "Timestamptz"
      }
    ],
    "parameters": {
      "Left": [
        "Int8",
        "Int8"
      ]
    },
    "nullable": [
      false,
      false,
      false,
      false,
      false
    ]
  },
  "hash": "65ddadc9d103ccb9d81e1f52565cff1889e5490f0d0d62170ed2b9515ffc5104"
}
