{
  "db_name": "PostgreSQL",
  "query": "\n            UPDATE team_members\n            SET \n                is_owner = TRUE,\n                accepted = TRUE,\n                permissions = $2,\n                organization_permissions = NULL,\n                role = 'Inherited Owner'\n            WHERE (id = $1)\n            ",
  "describe": {
    "columns": [],
    "parameters": {
      "Left": [
        "Int8",
        "Int8"
      ]
    },
    "nullable": []
  },
  "hash": "dc64653d72645b76e42a1834124ce3f9225c5b6b8b941812167b3b7002bfdb2a"
}
