{
  "db_name": "PostgreSQL",
  "query": "\n            SELECT id FROM categories\n            WHERE category = $1 AND project_type = $2\n            ",
  "describe": {
    "columns": [
      {
        "ordinal": 0,
        "name": "id",
        "type_info": "Int4"
      }
    ],
    "parameters": {
      "Left": [
        "Text",
        "Int4"
      ]
    },
    "nullable": [
      false
    ]
  },
  "hash": "aaec67a66b58dec36339c14000b319aed1b0ebb1324fc85e34d14c6430c26657"
}
