{
  "db_name": "PostgreSQL",
  "query": "\n            SELECT u.id \n            FROM team_members\n            INNER JOIN users u ON u.id = team_members.user_id\n            WHERE team_id = $1 AND is_owner = TRUE\n            ",
  "describe": {
    "columns": [
      {
        "ordinal": 0,
        "name": "id",
        "type_info": "Int8"
      }
    ],
    "parameters": {
      "Left": [
        "Int8"
      ]
    },
    "nullable": [
      false
    ]
  },
  "hash": "2b097a9a1b24b9648d3558e348c7d8cd467e589504c6e754f1f6836203946590"
}
