{
  "db_name": "PostgreSQL",
  "query": "\n            INSERT INTO files (id, version_id, url, filename, is_primary, size, file_type)\n            VALUES ($1, $2, $3, $4, $5, $6, $7)\n            ",
  "describe": {
    "columns": [],
    "parameters": {
      "Left": [
        "Int8",
        "Int8",
        "Varchar",
        "Varchar",
        "Bool",
        "Int4",
        "Varchar"
      ]
    },
    "nullable": []
  },
  "hash": "0c2addb0d7a87fa558821ff8e943bbb751fb2bdc22d1a5368f61cc7827586840"
}
