{
  "db_name": "PostgreSQL",
  "query": "\n            SELECT encode(mef.sha1, 'escape') sha1, mel.status status\n            FROM moderation_external_files mef\n            INNER JOIN moderation_external_licenses mel ON mef.external_license_id = mel.id\n            WHERE mef.sha1 = ANY($1)\n            ",
  "describe": {
    "columns": [
      {
        "ordinal": 0,
        "name": "sha1",
        "type_info": "Text"
      },
      {
        "ordinal": 1,
        "name": "status",
        "type_info": "Text"
      }
    ],
    "parameters": {
      "Left": [
        "ByteaArray"
      ]
    },
    "nullable": [
      null,
      false
    ]
  },
  "hash": "6e4ff5010b19890e26867611a243a308fb32f7439a18c83d1e16d3e537a43e7d"
}
