{
  "db_name": "PostgreSQL",
  "query": "\n        INSERT INTO payouts_values (user_id, mod_id, amount, created, date_available)\n        SELECT * FROM UNNEST ($1::bigint[], $2::bigint[], $3::numeric[], $4::timestamptz[], $5::timestamptz[])\n        ",
  "describe": {
    "columns": [],
    "parameters": {
      "Left": [
        "Int8Array",
        "Int8Array",
        "NumericArray",
        "TimestamptzArray",
        "TimestamptzArray"
      ]
    },
    "nullable": []
  },
  "hash": "fa5b05775f18d1268bbeece1f5f1b0c1930289eb797cf340d961ac69d2c2ceba"
}
