{
  "db_name": "PostgreSQL",
  "query": "\n        SELECT id FROM mods\n        WHERE status = $1\n        ORDER BY queued ASC\n        LIMIT $2;\n        ",
  "describe": {
    "columns": [
      {
        "ordinal": 0,
        "name": "id",
        "type_info": "Int8"
      }
    ],
    "parameters": {
      "Left": [
        "Text",
        "Int8"
      ]
    },
    "nullable": [
      false
    ]
  },
  "hash": "3baabc9f08401801fa290866888c540746fc50c1d79911f08f3322b605ce5c30"
}
