{
  "db_name": "PostgreSQL",
  "query": "\n                    SELECT DISTINCT file_id, algorithm, encode(hash, 'escape') hash\n                    FROM hashes\n                    WHERE file_id = ANY($1)\n                    ",
  "describe": {
    "columns": [
      {
        "ordinal": 0,
        "name": "file_id",
        "type_info": "Int8"
      },
      {
        "ordinal": 1,
        "name": "algorithm",
        "type_info": "Varchar"
      },
      {
        "ordinal": 2,
        "name": "hash",
        "type_info": "Text"
      }
    ],
    "parameters": {
      "Left": [
        "Int8Array"
      ]
    },
    "nullable": [
      false,
      false,
      null
    ]
  },
  "hash": "34fcb1b5ff6d29fbf4e617cdde9a296e9312aec9ff074dd39a83ee1ccb7678ff"
}
