{
  "db_name": "PostgreSQL",
  "query": "\n            SELECT id, project_type FROM categories\n            WHERE category = $1\n            ",
  "describe": {
    "columns": [
      {
        "ordinal": 0,
        "name": "id",
        "type_info": "Int4"
      },
      {
        "ordinal": 1,
        "name": "project_type",
        "type_info": "Int4"
      }
    ],
    "parameters": {
      "Left": [
        "Text"
      ]
    },
    "nullable": [
      false,
      false
    ]
  },
  "hash": "683e186dc086ef21d2f82c0d427fcee16c613fb93ea74d6eb0da684363ca7b13"
}
