{
  "db_name": "PostgreSQL",
  "query": "\n                INSERT INTO version_fields (field_id, version_id, int_value, string_value, enum_value)\n                SELECT * FROM UNNEST($1::integer[], $2::bigint[], $3::integer[], $4::text[], $5::integer[])\n                ",
  "describe": {
    "columns": [],
    "parameters": {
      "Left": [
        "Int4Array",
        "Int8Array",
        "Int4Array",
        "TextArray",
        "Int4Array"
      ]
    },
    "nullable": []
  },
  "hash": "8cfa1380907e20fe18180d4f2ae929b7178f81056788ffb207a6c5e4bbcc7a7d"
}
