{
  "db_name": "PostgreSQL",
  "query": "\n            SELECT id, name, donation FROM link_platforms\n            ",
  "describe": {
    "columns": [
      {
        "ordinal": 0,
        "name": "id",
        "type_info": "Int4"
      },
      {
        "ordinal": 1,
        "name": "name",
        "type_info": "Varchar"
      },
      {
        "ordinal": 2,
        "name": "donation",
        "type_info": "Bool"
      }
    ],
    "parameters": {
      "Left": []
    },
    "nullable": [
      false,
      false,
      false
    ]
  },
  "hash": "fef7802edefa1a6957fa43ccf64b987c3547294f0c8581028ac6b83de42b3a00"
}
