{
  "db_name": "PostgreSQL",
  "query": "\n            INSERT INTO users_subscriptions (\n                id, user_id, price_id, interval, created, status, metadata\n            )\n            VALUES (\n                $1, $2, $3, $4, $5, $6, $7\n            )\n            ON CONFLICT (id)\n            DO UPDATE\n                SET interval = EXCLUDED.interval,\n                    status = EXCLUDED.status,\n                    price_id = EXCLUDED.price_id,\n                    metadata = EXCLUDED.metadata\n            ",
  "describe": {
    "columns": [],
    "parameters": {
      "Left": [
        "Int8",
        "Int8",
        "Int8",
        "Text",
        "Timestamptz",
        "Varchar",
        "Jsonb"
      ]
    },
    "nullable": []
  },
  "hash": "8bcf4589c429ab0abf2460f658fd91caafb733a5217b832ab9dcf7fde60d49dd"
}
