{
  "db_name": "PostgreSQL",
  "query": "\n        SELECT COUNT(v.id)\n        FROM versions v\n        INNER JOIN mods m on v.mod_id = m.id AND m.status = ANY($1)\n        WHERE v.status = ANY($2)\n        ",
  "describe": {
    "columns": [
      {
        "ordinal": 0,
        "name": "count",
        "type_info": "Int8"
      }
    ],
    "parameters": {
      "Left": [
        "TextArray",
        "TextArray"
      ]
    },
    "nullable": [
      null
    ]
  },
  "hash": "2d460f25461e95c744c835af5d67f8a7dd2438a46e3033611dfc0edd74fb9180"
}
