{
  "db_name": "PostgreSQL",
  "query": "\n            INSERT INTO sessions (\n                id, session, user_id, os, platform,\n                city, country, ip, user_agent\n            )\n            VALUES (\n                $1, $2, $3, $4, $5,\n                $6, $7, $8, $9\n            )\n            ",
  "describe": {
    "columns": [],
    "parameters": {
      "Left": [
        "Int8",
        "Varchar",
        "Int8",
        "Varchar",
        "Varchar",
        "Varchar",
        "Varchar",
        "Varchar",
        "Varchar"
      ]
    },
    "nullable": []
  },
  "hash": "f1525930830e17b5ee8feb796d9950dd3741131965f050840fa75423b5a54f01"
}
