{
  "db_name": "PostgreSQL",
  "query": "\n            INSERT INTO charges (id, user_id, price_id, amount, currency_code, charge_type, status, due, last_attempt, subscription_id, subscription_interval)\n            VALUES ($1, $2, $3, $4, $5, $6, $7, $8, $9, $10, $11)\n            ON CONFLICT (id)\n            DO UPDATE\n                SET status = EXCLUDED.status,\n                    last_attempt = EXCLUDED.last_attempt,\n                    due = EXCLUDED.due,\n                    subscription_id = EXCLUDED.subscription_id,\n                    subscription_interval = EXCLUDED.subscription_interval\n            ",
  "describe": {
    "columns": [],
    "parameters": {
      "Left": [
        "Int8",
        "Int8",
        "Int8",
        "Int8",
        "Text",
        "Text",
        "Varchar",
        "Timestamptz",
        "Timestamptz",
        "Int8",
        "Text"
      ]
    },
    "nullable": []
  },
  "hash": "56d7b62fc05c77f228e46dbfe4eaca81b445a7f5a44e52a0526a1b57bd7a8c9d"
}
