{
  "db_name": "PostgreSQL",
  "query": "\n                        INSERT INTO collections_mods (collection_id, mod_id)\n                        SELECT * FROM UNNEST ($1::int8[], $2::int8[])\n                        ON CONFLICT DO NOTHING\n                        ",
  "describe": {
    "columns": [],
    "parameters": {
      "Left": [
        "Int8Array",
        "Int8Array"
      ]
    },
    "nullable": []
  },
  "hash": "1b66b5d566aa6a969bacbb7897af829a569e13a619db295d2e6abcdb89fcac17"
}
