{
  "db_name": "PostgreSQL",
  "query": "\n            INSERT INTO mods (\n                id, team_id, name, summary, description,\n                published, downloads, icon_url, raw_icon_url, status, requested_status,\n                license_url, license,\n                slug, color, monetization_status, organization_id\n            )\n            VALUES (\n                $1, $2, $3, $4, $5, $6, \n                $7, $8, $9, $10, $11,\n                $12, $13,\n                LOWER($14), $15, $16, $17\n            )\n            ",
  "describe": {
    "columns": [],
    "parameters": {
      "Left": [
        "Int8",
        "Int8",
        "Varchar",
        "Varchar",
        "Varchar",
        "Timestamptz",
        "Int4",
        "Varchar",
        "Text",
        "Varchar",
        "Varchar",
        "Varchar",
        "Varchar",
        "Text",
        "Int4",
        "Varchar",
        "Int8"
      ]
    },
    "nullable": []
  },
  "hash": "f899b378fad8fcfa1ebf527146b565b7c4466205e0bfd84f299123329926fe3f"
}
