{
  "db_name": "PostgreSQL",
  "query": "\n            SELECT lfe.id, lfe.enum_name, lfe.ordering, lfe.hidable \n            FROM loader_field_enums lfe\n            WHERE lfe.enum_name = $1\n            ORDER BY lfe.ordering ASC\n            ",
  "describe": {
    "columns": [
      {
        "ordinal": 0,
        "name": "id",
        "type_info": "Int4"
      },
      {
        "ordinal": 1,
        "name": "enum_name",
        "type_info": "Varchar"
      },
      {
        "ordinal": 2,
        "name": "ordering",
        "type_info": "Int4"
      },
      {
        "ordinal": 3,
        "name": "hidable",
        "type_info": "Bool"
      }
    ],
    "parameters": {
      "Left": [
        "Text"
      ]
    },
    "nullable": [
      false,
      false,
      true,
      false
    ]
  },
  "hash": "1243d13d622a9970240c8f26b5031b4c68d08607f7a0142b662b53eb05b4723a"
}
