{
  "db_name": "PostgreSQL",
  "query": "\n            INSERT INTO collections (\n                id, user_id, name, description, \n                created, icon_url, raw_icon_url, status\n            )\n            VALUES (\n                $1, $2, $3, $4, \n                $5, $6, $7, $8\n            )\n            ",
  "describe": {
    "columns": [],
    "parameters": {
      "Left": [
        "Int8",
        "Int8",
        "Varchar",
        "Varchar",
        "Timestamptz",
        "Varchar",
        "Text",
        "Varchar"
      ]
    },
    "nullable": []
  },
  "hash": "8d7746fedec4c2339352a3acd934b13c351b8a1fdb05bf982bab1a5b7ed17f3b"
}
