{
  "db_name": "PostgreSQL",
  "query": "\n        SELECT SUM(amount)\n        FROM payouts_values\n        WHERE user_id = $1 AND date_available <= NOW()\n        ",
  "describe": {
    "columns": [
      {
        "ordinal": 0,
        "name": "sum",
        "type_info": "Numeric"
      }
    ],
    "parameters": {
      "Left": [
        "Int8"
      ]
    },
    "nullable": [
      null
    ]
  },
  "hash": "0a31f7b04f4b68c556bdbfe373ef7945741f915d4ae657363fe67db46e8bd4cf"
}
