{
  "db_name": "PostgreSQL",
  "query": "\n            INSERT INTO oauth_access_tokens (\n                id, authorization_id, token_hash, scopes, last_used\n            )\n            VALUES (\n                $1, $2, $3, $4, $5\n            )\n            RETURNING created, expires\n            ",
  "describe": {
    "columns": [
      {
        "ordinal": 0,
        "name": "created",
        "type_info": "Timestamptz"
      },
      {
        "ordinal": 1,
        "name": "expires",
        "type_info": "Timestamptz"
      }
    ],
    "parameters": {
      "Left": [
        "Int8",
        "Int8",
        "Text",
        "Int8",
        "Timestamptz"
      ]
    },
    "nullable": [
      false,
      false
    ]
  },
  "hash": "6b881555e610ddc6796cdcbfd2de26e68b10522d0f1df3f006d58f6b72be9911"
}
