{
  "db_name": "PostgreSQL",
  "query": "\n            SELECT mel.id, mel.flame_project_id, mel.status status\n            FROM moderation_external_licenses mel\n            WHERE mel.flame_project_id = ANY($1)\n            ",
  "describe": {
    "columns": [
      {
        "ordinal": 0,
        "name": "id",
        "type_info": "Int8"
      },
      {
        "ordinal": 1,
        "name": "flame_project_id",
        "type_info": "Int4"
      },
      {
        "ordinal": 2,
        "name": "status",
        "type_info": "Text"
      }
    ],
    "parameters": {
      "Left": [
        "Int4Array"
      ]
    },
    "nullable": [
      false,
      true,
      false
    ]
  },
  "hash": "3c875a8a1c03432f258040c436e19dbab6e78bd1789dc70f445578c779c7b995"
}
