{
  "db_name": "PostgreSQL",
  "query": "\n            SELECT id FROM reports\n            WHERE closed = FALSE\n            ORDER BY created ASC\n            LIMIT $1;\n            ",
  "describe": {
    "columns": [
      {
        "ordinal": 0,
        "name": "id",
        "type_info": "Int8"
      }
    ],
    "parameters": {
      "Left": [
        "Int8"
      ]
    },
    "nullable": [
      false
    ]
  },
  "hash": "29e171bd746ac5dc1fabae4c9f81c3d1df4e69c860b7d0f6a907377664199217"
}
