{
  "db_name": "PostgreSQL",
  "query": "\n        SELECT SUM(amount)\n        FROM payouts_values\n        WHERE user_id = $1 AND date_available > NOW()\n        ",
  "describe": {
    "columns": [
      {
        "ordinal": 0,
        "name": "sum",
        "type_info": "Numeric"
      }
    ],
    "parameters": {
      "Left": [
        "Int8"
      ]
    },
    "nullable": [
      null
    ]
  },
  "hash": "0379424a41b12db94c7734086fca5b96c8cdfe0a9f9c00e5c67e6b95a33c8c6b"
}
