{
  "db_name": "PostgreSQL",
  "query": "\n            INSERT INTO organizations (id, slug, name, team_id, description, icon_url, raw_icon_url, color)\n            VALUES ($1, $2, $3, $4, $5, $6, $7, $8)\n            ",
  "describe": {
    "columns": [],
    "parameters": {
      "Left": [
        "Int8",
        "Varchar",
        "Text",
        "Int8",
        "Text",
        "Varchar",
        "Text",
        "Int4"
      ]
    },
    "nullable": []
  },
  "hash": "611107b00394bb57122d6a39b8d559abd50399d46f174a99ccfd9f76c3430892"
}
