{
  "db_name": "PostgreSQL",
  "query": "\n        SELECT m.id id, m.name name, m.summary summary, m.downloads downloads, m.follows follows,\n        m.icon_url icon_url, m.updated updated, m.approved approved, m.published, m.license license, m.slug slug, m.color\n        FROM mods m\n        WHERE m.status = ANY($1)\n        GROUP BY m.id;\n        ",
  "describe": {
    "columns": [
      {
        "ordinal": 0,
        "name": "id",
        "type_info": "Int8"
      },
      {
        "ordinal": 1,
        "name": "name",
        "type_info": "Varchar"
      },
      {
        "ordinal": 2,
        "name": "summary",
        "type_info": "Varchar"
      },
      {
        "ordinal": 3,
        "name": "downloads",
        "type_info": "Int4"
      },
      {
        "ordinal": 4,
        "name": "follows",
        "type_info": "Int4"
      },
      {
        "ordinal": 5,
        "name": "icon_url",
        "type_info": "Varchar"
      },
      {
        "ordinal": 6,
        "name": "updated",
        "type_info": "Timestamptz"
      },
      {
        "ordinal": 7,
        "name": "approved",
        "type_info": "Timestamptz"
      },
      {
        "ordinal": 8,
        "name": "published",
        "type_info": "Timestamptz"
      },
      {
        "ordinal": 9,
        "name": "license",
        "type_info": "Varchar"
      },
      {
        "ordinal": 10,
        "name": "slug",
        "type_info": "Varchar"
      },
      {
        "ordinal": 11,
        "name": "color",
        "type_info": "Int4"
      }
    ],
    "parameters": {
      "Left": [
        "TextArray"
      ]
    },
    "nullable": [
      false,
      false,
      false,
      false,
      false,
      true,
      false,
      true,
      false,
      false,
      true,
      true
    ]
  },
  "hash": "b30d0365bd116fceee5de03fb9e3087a587633783894a5041889b856d47a4ed5"
}
